date;settlement_price;market_id;market_strip;last_trading_date;instrument_slug;instrument_name;source;series_type;roll_rule
2024-04-08;76.32;6018433;Jun26;2026-04-30;brent_crude;Brent Crude Futures;ice_front_month;continuous;brent
2024-04-09;75.84;6018433;Jun26;2026-04-30;brent_crude;Brent Crude Futures;ice_front_month;continuous;brent
2024-04-10;76.25;6018433;Jun26;2026-04-30;brent_crude;Brent Crude Futures;ice_front_month;continuous;brent
2024-04-11;76.38;6018433;Jun26;2026-04-30;brent_crude;Brent Crude Futures;ice_front_month;continuous;brent
2024-04-12;76.92;6018433;Jun26;2026-04-30;brent_crude;Brent Crude Futures;ice_front_month;continuous;brent
2024-04-15;77.13;6018433;Jun26;2026-04-30;brent_crude;Brent Crude Futures;ice_front_month;continuous;brent
2024-04-16;77.4;6018433;Jun26;2026-04-30;brent_crude;Brent Crude Futures;ice_front_month;continuous;brent
2024-04-17;76.05;6018433;Jun26;2026-04-30;brent_crude;Brent Crude Futures;ice_front_month;continuous;brent
2024-04-18;75.87;6018433;Jun26;2026-04-30;brent_crude;Brent Crude Futures;ice_front_month;continuous;brent
2024-04-19;75.63;6018433;Jun26;2026-04-30;brent_crude;Brent Crude Futures;ice_front_month;continuous;brent
2024-04-22;75.42;6018433;Jun26;2026-04-30;brent_crude;Brent Crude Futures;ice_front_month;continuous;brent
2024-04-23;76.01;6018433;Jun26;2026-04-30;brent_crude;Brent Crude Futures;ice_front_month;continuous;brent
2024-04-24;76.22;6018433;Jun26;2026-04-30;brent_crude;Brent Crude Futures;ice_front_month;continuous;brent
2024-04-25;76.47;6018433;Jun26;2026-04-30;brent_crude;Brent Crude Futures;ice_front_month;continuous;brent
2024-04-26;76.73;6018433;Jun26;2026-04-30;brent_crude;Brent Crude Futures;ice_front_month;continuous;brent
2024-04-29;76.25;6018433;Jun26;2026-04-30;brent_crude;Brent Crude Futures;ice_front_month;continuous;brent
2024-04-30;75.85;6018433;Jun26;2026-04-30;brent_crude;Brent Crude Futures;ice_front_month;continuous;brent
2024-05-01;73.99;6018433;Jun26;2026-04-30;brent_crude;Brent Crude Futures;ice_front_month;continuous;brent
2024-05-02;74.5;6018433;Jun26;2026-04-30;brent_crude;Brent Crude Futures;ice_front_month;continuous;brent
2024-05-03;74.61;6018433;Jun26;2026-04-30;brent_crude;Brent Crude Futures;ice_front_month;continuous;brent
2024-05-06;74.99;6018433;Jun26;2026-04-30;brent_crude;Brent Crude Futures;ice_front_month;continuous;brent
2024-05-07;74.71;6018433;Jun26;2026-04-30;brent_crude;Brent Crude Futures;ice_front_month;continuous;brent
2024-05-08;74.49;6018433;Jun26;2026-04-30;brent_crude;Brent Crude Futures;ice_front_month;continuous;brent
2024-05-09;74.69;6018433;Jun26;2026-04-30;brent_crude;Brent Crude Futures;ice_front_month;continuous;brent
2024-05-10;74.16;6018433;Jun26;2026-04-30;brent_crude;Brent Crude Futures;ice_front_month;continuous;brent
2024-05-13;74.51;6018433;Jun26;2026-04-30;brent_crude;Brent Crude Futures;ice_front_month;continuous;brent
2024-05-14;74.37;6018433;Jun26;2026-04-30;brent_crude;Brent Crude Futures;ice_front_month;continuous;brent
2024-05-15;74.56;6018433;Jun26;2026-04-30;brent_crude;Brent Crude Futures;ice_front_month;continuous;brent
2024-05-16;74.93;6018433;Jun26;2026-04-30;brent_crude;Brent Crude Futures;ice_front_month;continuous;brent
2024-05-17;75.42;6018433;Jun26;2026-04-30;brent_crude;Brent Crude Futures;ice_front_month;continuous;brent
2024-05-20;75.63;6018433;Jun26;2026-04-30;brent_crude;Brent Crude Futures;ice_front_month;continuous;brent
2024-05-21;75.33;6018433;Jun26;2026-04-30;brent_crude;Brent Crude Futures;ice_front_month;continuous;brent
2024-05-22;74.43;6018433;Jun26;2026-04-30;brent_crude;Brent Crude Futures;ice_front_month;continuous;brent
2024-05-23;74.12;6018433;Jun26;2026-04-30;brent_crude;Brent Crude Futures;ice_front_month;continuous;brent
2024-05-24;74.37;6018433;Jun26;2026-04-30;brent_crude;Brent Crude Futures;ice_front_month;continuous;brent
2024-05-27;75.12;6018433;Jun26;2026-04-30;brent_crude;Brent Crude Futures;ice_front_month;continuous;brent
2024-05-28;75.62;6018433;Jun26;2026-04-30;brent_crude;Brent Crude Futures;ice_front_month;continuous;brent
2024-05-29;75.36;6018433;Jun26;2026-04-30;brent_crude;Brent Crude Futures;ice_front_month;continuous;brent
2024-05-30;74.56;6018433;Jun26;2026-04-30;brent_crude;Brent Crude Futures;ice_front_month;continuous;brent
2024-05-31;74.81;6018433;Jun26;2026-04-30;brent_crude;Brent Crude Futures;ice_front_month;continuous;brent
2024-06-03;73.28;6018433;Jun26;2026-04-30;brent_crude;Brent Crude Futures;ice_front_month;continuous;brent
2024-06-04;72.1;6018433;Jun26;2026-04-30;brent_crude;Brent Crude Futures;ice_front_month;continuous;brent
2024-06-05;72.16;6018433;Jun26;2026-04-30;brent_crude;Brent Crude Futures;ice_front_month;continuous;brent
2024-06-06;73.05;6018433;Jun26;2026-04-30;brent_crude;Brent Crude Futures;ice_front_month;continuous;brent
2024-06-07;73.37;6018433;Jun26;2026-04-30;brent_crude;Brent Crude Futures;ice_front_month;continuous;brent
2024-06-10;74.47;6018433;Jun26;2026-04-30;brent_crude;Brent Crude Futures;ice_front_month;continuous;brent
2024-06-11;74.88;6018433;Jun26;2026-04-30;brent_crude;Brent Crude Futures;ice_front_month;continuous;brent
2024-06-12;75.13;6018433;Jun26;2026-04-30;brent_crude;Brent Crude Futures;ice_front_month;continuous;brent
2024-06-13;75.13;6018433;Jun26;2026-04-30;brent_crude;Brent Crude Futures;ice_front_month;continuous;brent
2024-06-14;74.8;6018433;Jun26;2026-04-30;brent_crude;Brent Crude Futures;ice_front_month;continuous;brent
2024-06-17;74.87;6018433;Jun26;2026-04-30;brent_crude;Brent Crude Futures;ice_front_month;continuous;brent
2024-06-18;75.76;6018433;Jun26;2026-04-30;brent_crude;Brent Crude Futures;ice_front_month;continuous;brent
2024-06-19;75.71;6018433;Jun26;2026-04-30;brent_crude;Brent Crude Futures;ice_front_month;continuous;brent
2024-06-20;76.04;6018433;Jun26;2026-04-30;brent_crude;Brent Crude Futures;ice_front_month;continuous;brent
2024-06-21;75.58;6018433;Jun26;2026-04-30;brent_crude;Brent Crude Futures;ice_front_month;continuous;brent
2024-06-24;76.29;6018433;Jun26;2026-04-30;brent_crude;Brent Crude Futures;ice_front_month;continuous;brent
2024-06-25;75.95;6018433;Jun26;2026-04-30;brent_crude;Brent Crude Futures;ice_front_month;continuous;brent
2024-06-26;76.3;6018433;Jun26;2026-04-30;brent_crude;Brent Crude Futures;ice_front_month;continuous;brent
2024-06-27;76.32;6018433;Jun26;2026-04-30;brent_crude;Brent Crude Futures;ice_front_month;continuous;brent
2024-06-28;76.08;6018433;Jun26;2026-04-30;brent_crude;Brent Crude Futures;ice_front_month;continuous;brent
2024-07-01;77.04;6018433;Jun26;2026-04-30;brent_crude;Brent Crude Futures;ice_front_month;continuous;brent
2024-07-02;77.03;6018433;Jun26;2026-04-30;brent_crude;Brent Crude Futures;ice_front_month;continuous;brent
2024-07-03;77.65;6018433;Jun26;2026-04-30;brent_crude;Brent Crude Futures;ice_front_month;continuous;brent
2024-07-04;77.61;6018433;Jun26;2026-04-30;brent_crude;Brent Crude Futures;ice_front_month;continuous;brent
2024-07-05;77.1;6018433;Jun26;2026-04-30;brent_crude;Brent Crude Futures;ice_front_month;continuous;brent
2024-07-08;76.95;6018433;Jun26;2026-04-30;brent_crude;Brent Crude Futures;ice_front_month;continuous;brent
2024-07-09;76.09;6018433;Jun26;2026-04-30;brent_crude;Brent Crude Futures;ice_front_month;continuous;brent
2024-07-10;76.05;6018433;Jun26;2026-04-30;brent_crude;Brent Crude Futures;ice_front_month;continuous;brent
2024-07-11;76.01;6018433;Jun26;2026-04-30;brent_crude;Brent Crude Futures;ice_front_month;continuous;brent
2024-07-12;75.93;6018433;Jun26;2026-04-30;brent_crude;Brent Crude Futures;ice_front_month;continuous;brent
2024-07-15;75.73;6018433;Jun26;2026-04-30;brent_crude;Brent Crude Futures;ice_front_month;continuous;brent
2024-07-16;75.05;6018433;Jun26;2026-04-30;brent_crude;Brent Crude Futures;ice_front_month;continuous;brent
2024-07-17;75.54;6018433;Jun26;2026-04-30;brent_crude;Brent Crude Futures;ice_front_month;continuous;brent
2024-07-18;75.66;6018433;Jun26;2026-04-30;brent_crude;Brent Crude Futures;ice_front_month;continuous;brent
2024-07-19;74.13;6018433;Jun26;2026-04-30;brent_crude;Brent Crude Futures;ice_front_month;continuous;brent
2024-07-22;74.46;6018433;Jun26;2026-04-30;brent_crude;Brent Crude Futures;ice_front_month;continuous;brent
2024-07-23;73.33;6018433;Jun26;2026-04-30;brent_crude;Brent Crude Futures;ice_front_month;continuous;brent
2024-07-24;73.93;6018433;Jun26;2026-04-30;brent_crude;Brent Crude Futures;ice_front_month;continuous;brent
2024-07-25;74.26;6018433;Jun26;2026-04-30;brent_crude;Brent Crude Futures;ice_front_month;continuous;brent
2024-07-26;73.72;6018433;Jun26;2026-04-30;brent_crude;Brent Crude Futures;ice_front_month;continuous;brent
2024-07-29;73.27;6018433;Jun26;2026-04-30;brent_crude;Brent Crude Futures;ice_front_month;continuous;brent
2024-07-30;72.87;6018433;Jun26;2026-04-30;brent_crude;Brent Crude Futures;ice_front_month;continuous;brent
2024-07-31;74.24;6018433;Jun26;2026-04-30;brent_crude;Brent Crude Futures;ice_front_month;continuous;brent
2024-08-01;73.49;6018433;Jun26;2026-04-30;brent_crude;Brent Crude Futures;ice_front_month;continuous;brent
2024-08-02;71.62;6018433;Jun26;2026-04-30;brent_crude;Brent Crude Futures;ice_front_month;continuous;brent
2024-08-05;71.75;6018433;Jun26;2026-04-30;brent_crude;Brent Crude Futures;ice_front_month;continuous;brent
2024-08-06;71.45;6018433;Jun26;2026-04-30;brent_crude;Brent Crude Futures;ice_front_month;continuous;brent
2024-08-07;72.37;6018433;Jun26;2026-04-30;brent_crude;Brent Crude Futures;ice_front_month;continuous;brent
2024-08-08;73.05;6018433;Jun26;2026-04-30;brent_crude;Brent Crude Futures;ice_front_month;continuous;brent
2024-08-09;73.39;6018433;Jun26;2026-04-30;brent_crude;Brent Crude Futures;ice_front_month;continuous;brent
2024-08-12;74.94;6018433;Jun26;2026-04-30;brent_crude;Brent Crude Futures;ice_front_month;continuous;brent
2024-08-13;74.03;6018433;Jun26;2026-04-30;brent_crude;Brent Crude Futures;ice_front_month;continuous;brent
2024-08-14;73.65;6018433;Jun26;2026-04-30;brent_crude;Brent Crude Futures;ice_front_month;continuous;brent
2024-08-15;74.26;6018433;Jun26;2026-04-30;brent_crude;Brent Crude Futures;ice_front_month;continuous;brent
2024-08-16;73.45;6018433;Jun26;2026-04-30;brent_crude;Brent Crude Futures;ice_front_month;continuous;brent
2024-08-19;72.52;6018433;Jun26;2026-04-30;brent_crude;Brent Crude Futures;ice_front_month;continuous;brent
2024-08-20;71.91;6018433;Jun26;2026-04-30;brent_crude;Brent Crude Futures;ice_front_month;continuous;brent
2024-08-21;71.28;6018433;Jun26;2026-04-30;brent_crude;Brent Crude Futures;ice_front_month;continuous;brent
2024-08-22;71.81;6018433;Jun26;2026-04-30;brent_crude;Brent Crude Futures;ice_front_month;continuous;brent
2024-08-23;72.89;6018433;Jun26;2026-04-30;brent_crude;Brent Crude Futures;ice_front_month;continuous;brent
2024-08-26;73.91;6018433;Jun26;2026-04-30;brent_crude;Brent Crude Futures;ice_front_month;continuous;brent
2024-08-27;73.07;6018433;Jun26;2026-04-30;brent_crude;Brent Crude Futures;ice_front_month;continuous;brent
2024-08-28;72.31;6018433;Jun26;2026-04-30;brent_crude;Brent Crude Futures;ice_front_month;continuous;brent
2024-08-29;73.13;6018433;Jun26;2026-04-30;brent_crude;Brent Crude Futures;ice_front_month;continuous;brent
2024-08-30;72.06;6018433;Jun26;2026-04-30;brent_crude;Brent Crude Futures;ice_front_month;continuous;brent
2024-09-02;72.36;6018433;Jun26;2026-04-30;brent_crude;Brent Crude Futures;ice_front_month;continuous;brent
2024-09-03;70.28;6018433;Jun26;2026-04-30;brent_crude;Brent Crude Futures;ice_front_month;continuous;brent
2024-09-04;69.91;6018433;Jun26;2026-04-30;brent_crude;Brent Crude Futures;ice_front_month;continuous;brent
2024-09-05;70.39;6018433;Jun26;2026-04-30;brent_crude;Brent Crude Futures;ice_front_month;continuous;brent
2024-09-06;69.55;6018433;Jun26;2026-04-30;brent_crude;Brent Crude Futures;ice_front_month;continuous;brent
2024-09-09;69.71;6018433;Jun26;2026-04-30;brent_crude;Brent Crude Futures;ice_front_month;continuous;brent
2024-09-10;67.89;6018433;Jun26;2026-04-30;brent_crude;Brent Crude Futures;ice_front_month;continuous;brent
2024-09-11;68.76;6018433;Jun26;2026-04-30;brent_crude;Brent Crude Futures;ice_front_month;continuous;brent
2024-09-12;69.74;6018433;Jun26;2026-04-30;brent_crude;Brent Crude Futures;ice_front_month;continuous;brent
2024-09-13;69.31;6018433;Jun26;2026-04-30;brent_crude;Brent Crude Futures;ice_front_month;continuous;brent
2024-09-16;70.08;6018433;Jun26;2026-04-30;brent_crude;Brent Crude Futures;ice_front_month;continuous;brent
2024-09-17;70.68;6018433;Jun26;2026-04-30;brent_crude;Brent Crude Futures;ice_front_month;continuous;brent
2024-09-18;70.56;6018433;Jun26;2026-04-30;brent_crude;Brent Crude Futures;ice_front_month;continuous;brent
2024-09-19;71.08;6018433;Jun26;2026-04-30;brent_crude;Brent Crude Futures;ice_front_month;continuous;brent
2024-09-20;70.98;6018433;Jun26;2026-04-30;brent_crude;Brent Crude Futures;ice_front_month;continuous;brent
2024-09-23;70.92;6018433;Jun26;2026-04-30;brent_crude;Brent Crude Futures;ice_front_month;continuous;brent
2024-09-24;71.86;6018433;Jun26;2026-04-30;brent_crude;Brent Crude Futures;ice_front_month;continuous;brent
2024-09-25;70.96;6018433;Jun26;2026-04-30;brent_crude;Brent Crude Futures;ice_front_month;continuous;brent
2024-09-26;70.05;6018433;Jun26;2026-04-30;brent_crude;Brent Crude Futures;ice_front_month;continuous;brent
2024-09-27;70.17;6018433;Jun26;2026-04-30;brent_crude;Brent Crude Futures;ice_front_month;continuous;brent
2024-09-30;70.44;6018433;Jun26;2026-04-30;brent_crude;Brent Crude Futures;ice_front_month;continuous;brent
2024-10-01;71.61;6018433;Jun26;2026-04-30;brent_crude;Brent Crude Futures;ice_front_month;continuous;brent
2024-10-02;71.62;6018433;Jun26;2026-04-30;brent_crude;Brent Crude Futures;ice_front_month;continuous;brent
2024-10-03;73.82;6018433;Jun26;2026-04-30;brent_crude;Brent Crude Futures;ice_front_month;continuous;brent
2024-10-04;73.49;6018433;Jun26;2026-04-30;brent_crude;Brent Crude Futures;ice_front_month;continuous;brent
2024-10-07;75.38;6018433;Jun26;2026-04-30;brent_crude;Brent Crude Futures;ice_front_month;continuous;brent
2024-10-08;73.66;6018433;Jun26;2026-04-30;brent_crude;Brent Crude Futures;ice_front_month;continuous;brent
2024-10-09;72.94;6018433;Jun26;2026-04-30;brent_crude;Brent Crude Futures;ice_front_month;continuous;brent
2024-10-10;74.2;6018433;Jun26;2026-04-30;brent_crude;Brent Crude Futures;ice_front_month;continuous;brent
2024-10-11;74.25;6018433;Jun26;2026-04-30;brent_crude;Brent Crude Futures;ice_front_month;continuous;brent
2024-10-14;73.56;6018433;Jun26;2026-04-30;brent_crude;Brent Crude Futures;ice_front_month;continuous;brent
2024-10-15;71.29;6018433;Jun26;2026-04-30;brent_crude;Brent Crude Futures;ice_front_month;continuous;brent
2024-10-16;70.86;6018433;Jun26;2026-04-30;brent_crude;Brent Crude Futures;ice_front_month;continuous;brent
2024-10-17;71.17;6018433;Jun26;2026-04-30;brent_crude;Brent Crude Futures;ice_front_month;continuous;brent
2024-10-18;70.39;6018433;Jun26;2026-04-30;brent_crude;Brent Crude Futures;ice_front_month;continuous;brent
2024-10-21;71.19;6018433;Jun26;2026-04-30;brent_crude;Brent Crude Futures;ice_front_month;continuous;brent
2024-10-22;72.28;6018433;Jun26;2026-04-30;brent_crude;Brent Crude Futures;ice_front_month;continuous;brent
2024-10-23;71.44;6018433;Jun26;2026-04-30;brent_crude;Brent Crude Futures;ice_front_month;continuous;brent
2024-10-24;71.23;6018433;Jun26;2026-04-30;brent_crude;Brent Crude Futures;ice_front_month;continuous;brent
2024-10-25;72.25;6018433;Jun26;2026-04-30;brent_crude;Brent Crude Futures;ice_front_month;continuous;brent
2024-10-28;69.1;6018433;Jun26;2026-04-30;brent_crude;Brent Crude Futures;ice_front_month;continuous;brent
2024-10-29;69.04;6018433;Jun26;2026-04-30;brent_crude;Brent Crude Futures;ice_front_month;continuous;brent
2024-10-30;70.0;6018433;Jun26;2026-04-30;brent_crude;Brent Crude Futures;ice_front_month;continuous;brent
2024-10-31;70.2;6018433;Jun26;2026-04-30;brent_crude;Brent Crude Futures;ice_front_month;continuous;brent
2024-11-01;70.45;6018433;Jun26;2026-04-30;brent_crude;Brent Crude Futures;ice_front_month;continuous;brent
2024-11-04;71.32;6018433;Jun26;2026-04-30;brent_crude;Brent Crude Futures;ice_front_month;continuous;brent
2024-11-05;71.59;6018433;Jun26;2026-04-30;brent_crude;Brent Crude Futures;ice_front_month;continuous;brent
2024-11-06;71.42;6018433;Jun26;2026-04-30;brent_crude;Brent Crude Futures;ice_front_month;continuous;brent
2024-11-07;71.93;6018433;Jun26;2026-04-30;brent_crude;Brent Crude Futures;ice_front_month;continuous;brent
2024-11-08;71.08;6018433;Jun26;2026-04-30;brent_crude;Brent Crude Futures;ice_front_month;continuous;brent
2024-11-11;69.78;6018433;Jun26;2026-04-30;brent_crude;Brent Crude Futures;ice_front_month;continuous;brent
2024-11-12;69.63;6018433;Jun26;2026-04-30;brent_crude;Brent Crude Futures;ice_front_month;continuous;brent
2024-11-13;69.66;6018433;Jun26;2026-04-30;brent_crude;Brent Crude Futures;ice_front_month;continuous;brent
2024-11-14;69.7;6018433;Jun26;2026-04-30;brent_crude;Brent Crude Futures;ice_front_month;continuous;brent
2024-11-15;68.64;6018433;Jun26;2026-04-30;brent_crude;Brent Crude Futures;ice_front_month;continuous;brent
2024-11-18;70.4;6018433;Jun26;2026-04-30;brent_crude;Brent Crude Futures;ice_front_month;continuous;brent
2024-11-19;70.6;6018433;Jun26;2026-04-30;brent_crude;Brent Crude Futures;ice_front_month;continuous;brent
2024-11-20;70.17;6018433;Jun26;2026-04-30;brent_crude;Brent Crude Futures;ice_front_month;continuous;brent
2024-11-21;70.64;6018433;Jun26;2026-04-30;brent_crude;Brent Crude Futures;ice_front_month;continuous;brent
2024-11-22;71.22;6018433;Jun26;2026-04-30;brent_crude;Brent Crude Futures;ice_front_month;continuous;brent
2024-11-25;69.69;6018433;Jun26;2026-04-30;brent_crude;Brent Crude Futures;ice_front_month;continuous;brent
2024-11-26;69.79;6018433;Jun26;2026-04-30;brent_crude;Brent Crude Futures;ice_front_month;continuous;brent
2024-11-27;69.57;6018433;Jun26;2026-04-30;brent_crude;Brent Crude Futures;ice_front_month;continuous;brent
2024-11-28;69.99;6018433;Jun26;2026-04-30;brent_crude;Brent Crude Futures;ice_front_month;continuous;brent
2024-11-29;69.2;6018433;Jun26;2026-04-30;brent_crude;Brent Crude Futures;ice_front_month;continuous;brent
2024-12-02;69.28;6018433;Jun26;2026-04-30;brent_crude;Brent Crude Futures;ice_front_month;continuous;brent
2024-12-03;70.46;6018433;Jun26;2026-04-30;brent_crude;Brent Crude Futures;ice_front_month;continuous;brent
2024-12-04;69.43;6018433;Jun26;2026-04-30;brent_crude;Brent Crude Futures;ice_front_month;continuous;brent
2024-12-05;69.22;6018433;Jun26;2026-04-30;brent_crude;Brent Crude Futures;ice_front_month;continuous;brent
2024-12-06;68.82;6018433;Jun26;2026-04-30;brent_crude;Brent Crude Futures;ice_front_month;continuous;brent
2024-12-09;69.66;6018433;Jun26;2026-04-30;brent_crude;Brent Crude Futures;ice_front_month;continuous;brent
2024-12-10;69.62;6018433;Jun26;2026-04-30;brent_crude;Brent Crude Futures;ice_front_month;continuous;brent
2024-12-11;70.18;6018433;Jun26;2026-04-30;brent_crude;Brent Crude Futures;ice_front_month;continuous;brent
2024-12-12;70.27;6018433;Jun26;2026-04-30;brent_crude;Brent Crude Futures;ice_front_month;continuous;brent
2024-12-13;70.81;6018433;Jun26;2026-04-30;brent_crude;Brent Crude Futures;ice_front_month;continuous;brent
2024-12-16;70.44;6018433;Jun26;2026-04-30;brent_crude;Brent Crude Futures;ice_front_month;continuous;brent
2024-12-17;69.85;6018433;Jun26;2026-04-30;brent_crude;Brent Crude Futures;ice_front_month;continuous;brent
2024-12-18;69.69;6018433;Jun26;2026-04-30;brent_crude;Brent Crude Futures;ice_front_month;continuous;brent
2024-12-19;69.09;6018433;Jun26;2026-04-30;brent_crude;Brent Crude Futures;ice_front_month;continuous;brent
2024-12-20;69.24;6018433;Jun26;2026-04-30;brent_crude;Brent Crude Futures;ice_front_month;continuous;brent
2024-12-23;69.2;6018433;Jun26;2026-04-30;brent_crude;Brent Crude Futures;ice_front_month;continuous;brent
2024-12-24;69.74;6018433;Jun26;2026-04-30;brent_crude;Brent Crude Futures;ice_front_month;continuous;brent
2024-12-26;69.4;6018433;Jun26;2026-04-30;brent_crude;Brent Crude Futures;ice_front_month;continuous;brent
2024-12-27;69.8;6018433;Jun26;2026-04-30;brent_crude;Brent Crude Futures;ice_front_month;continuous;brent
2024-12-30;70.1;6018433;Jun26;2026-04-30;brent_crude;Brent Crude Futures;ice_front_month;continuous;brent
2024-12-31;70.63;6018433;Jun26;2026-04-30;brent_crude;Brent Crude Futures;ice_front_month;continuous;brent
2025-01-02;71.28;6018433;Jun26;2026-04-30;brent_crude;Brent Crude Futures;ice_front_month;continuous;brent
2025-01-03;71.5;6018433;Jun26;2026-04-30;brent_crude;Brent Crude Futures;ice_front_month;continuous;brent
2025-01-06;71.52;6018433;Jun26;2026-04-30;brent_crude;Brent Crude Futures;ice_front_month;continuous;brent
2025-01-07;71.81;6018433;Jun26;2026-04-30;brent_crude;Brent Crude Futures;ice_front_month;continuous;brent
2025-01-08;71.3;6018433;Jun26;2026-04-30;brent_crude;Brent Crude Futures;ice_front_month;continuous;brent
2025-01-09;71.51;6018433;Jun26;2026-04-30;brent_crude;Brent Crude Futures;ice_front_month;continuous;brent
2025-01-10;72.37;6018433;Jun26;2026-04-30;brent_crude;Brent Crude Futures;ice_front_month;continuous;brent
2025-01-13;71.99;6018433;Jun26;2026-04-30;brent_crude;Brent Crude Futures;ice_front_month;continuous;brent
2025-01-14;72.25;6018433;Jun26;2026-04-30;brent_crude;Brent Crude Futures;ice_front_month;continuous;brent
2025-01-15;72.79;6018433;Jun26;2026-04-30;brent_crude;Brent Crude Futures;ice_front_month;continuous;brent
2025-01-16;72.15;6018433;Jun26;2026-04-30;brent_crude;Brent Crude Futures;ice_front_month;continuous;brent
2025-01-17;71.94;6018433;Jun26;2026-04-30;brent_crude;Brent Crude Futures;ice_front_month;continuous;brent
2025-01-20;72.21;6018433;Jun26;2026-04-30;brent_crude;Brent Crude Futures;ice_front_month;continuous;brent
2025-01-21;71.96;6018433;Jun26;2026-04-30;brent_crude;Brent Crude Futures;ice_front_month;continuous;brent
2025-01-22;71.99;6018433;Jun26;2026-04-30;brent_crude;Brent Crude Futures;ice_front_month;continuous;brent
2025-01-23;71.93;6018433;Jun26;2026-04-30;brent_crude;Brent Crude Futures;ice_front_month;continuous;brent
2025-01-24;71.66;6018433;Jun26;2026-04-30;brent_crude;Brent Crude Futures;ice_front_month;continuous;brent
2025-01-27;70.62;6018433;Jun26;2026-04-30;brent_crude;Brent Crude Futures;ice_front_month;continuous;brent
2025-01-28;70.36;6018433;Jun26;2026-04-30;brent_crude;Brent Crude Futures;ice_front_month;continuous;brent
2025-01-29;69.97;6018433;Jun26;2026-04-30;brent_crude;Brent Crude Futures;ice_front_month;continuous;brent
2025-01-30;70.1;6018433;Jun26;2026-04-30;brent_crude;Brent Crude Futures;ice_front_month;continuous;brent
2025-01-31;69.97;6018433;Jun26;2026-04-30;brent_crude;Brent Crude Futures;ice_front_month;continuous;brent
2025-02-03;69.91;6018433;Jun26;2026-04-30;brent_crude;Brent Crude Futures;ice_front_month;continuous;brent
2025-02-04;70.45;6018433;Jun26;2026-04-30;brent_crude;Brent Crude Futures;ice_front_month;continuous;brent
2025-02-05;69.6;6018433;Jun26;2026-04-30;brent_crude;Brent Crude Futures;ice_front_month;continuous;brent
2025-02-06;69.75;6018433;Jun26;2026-04-30;brent_crude;Brent Crude Futures;ice_front_month;continuous;brent
2025-02-07;70.12;6018433;Jun26;2026-04-30;brent_crude;Brent Crude Futures;ice_front_month;continuous;brent
2025-02-10;70.77;6018433;Jun26;2026-04-30;brent_crude;Brent Crude Futures;ice_front_month;continuous;brent
2025-02-11;71.8;6018433;Jun26;2026-04-30;brent_crude;Brent Crude Futures;ice_front_month;continuous;brent
2025-02-12;70.63;6018433;Jun26;2026-04-30;brent_crude;Brent Crude Futures;ice_front_month;continuous;brent
2025-02-13;70.42;6018433;Jun26;2026-04-30;brent_crude;Brent Crude Futures;ice_front_month;continuous;brent
2025-02-14;70.47;6018433;Jun26;2026-04-30;brent_crude;Brent Crude Futures;ice_front_month;continuous;brent
2025-02-17;70.78;6018433;Jun26;2026-04-30;brent_crude;Brent Crude Futures;ice_front_month;continuous;brent
2025-02-18;70.93;6018433;Jun26;2026-04-30;brent_crude;Brent Crude Futures;ice_front_month;continuous;brent
2025-02-19;71.16;6018433;Jun26;2026-04-30;brent_crude;Brent Crude Futures;ice_front_month;continuous;brent
2025-02-20;71.52;6018433;Jun26;2026-04-30;brent_crude;Brent Crude Futures;ice_front_month;continuous;brent
2025-02-21;70.1;6018433;Jun26;2026-04-30;brent_crude;Brent Crude Futures;ice_front_month;continuous;brent
2025-02-24;70.16;6018433;Jun26;2026-04-30;brent_crude;Brent Crude Futures;ice_front_month;continuous;brent
2025-02-25;68.76;6018433;Jun26;2026-04-30;brent_crude;Brent Crude Futures;ice_front_month;continuous;brent
2025-02-26;68.22;6018433;Jun26;2026-04-30;brent_crude;Brent Crude Futures;ice_front_month;continuous;brent
2025-02-27;69.12;6018433;Jun26;2026-04-30;brent_crude;Brent Crude Futures;ice_front_month;continuous;brent
2025-02-28;68.46;6018433;Jun26;2026-04-30;brent_crude;Brent Crude Futures;ice_front_month;continuous;brent
2025-03-03;67.94;6018433;Jun26;2026-04-30;brent_crude;Brent Crude Futures;ice_front_month;continuous;brent
2025-03-04;67.69;6018433;Jun26;2026-04-30;brent_crude;Brent Crude Futures;ice_front_month;continuous;brent
2025-03-05;66.41;6018433;Jun26;2026-04-30;brent_crude;Brent Crude Futures;ice_front_month;continuous;brent
2025-03-06;66.25;6018433;Jun26;2026-04-30;brent_crude;Brent Crude Futures;ice_front_month;continuous;brent
2025-03-07;67.03;6018433;Jun26;2026-04-30;brent_crude;Brent Crude Futures;ice_front_month;continuous;brent
2025-03-10;65.91;6018433;Jun26;2026-04-30;brent_crude;Brent Crude Futures;ice_front_month;continuous;brent
2025-03-11;66.04;6018433;Jun26;2026-04-30;brent_crude;Brent Crude Futures;ice_front_month;continuous;brent
2025-03-12;67.24;6018433;Jun26;2026-04-30;brent_crude;Brent Crude Futures;ice_front_month;continuous;brent
2025-03-13;66.48;6018433;Jun26;2026-04-30;brent_crude;Brent Crude Futures;ice_front_month;continuous;brent
2025-03-14;66.92;6018433;Jun26;2026-04-30;brent_crude;Brent Crude Futures;ice_front_month;continuous;brent
2025-03-17;67.36;6018433;Jun26;2026-04-30;brent_crude;Brent Crude Futures;ice_front_month;continuous;brent
2025-03-18;67.15;6018433;Jun26;2026-04-30;brent_crude;Brent Crude Futures;ice_front_month;continuous;brent
2025-03-19;67.25;6018433;Jun26;2026-04-30;brent_crude;Brent Crude Futures;ice_front_month;continuous;brent
2025-03-20;68.01;6018433;Jun26;2026-04-30;brent_crude;Brent Crude Futures;ice_front_month;continuous;brent
2025-03-21;67.95;6018433;Jun26;2026-04-30;brent_crude;Brent Crude Futures;ice_front_month;continuous;brent
2025-03-24;68.41;6018433;Jun26;2026-04-30;brent_crude;Brent Crude Futures;ice_front_month;continuous;brent
2025-03-25;68.42;6018433;Jun26;2026-04-30;brent_crude;Brent Crude Futures;ice_front_month;continuous;brent
2025-03-26;68.84;6018433;Jun26;2026-04-30;brent_crude;Brent Crude Futures;ice_front_month;continuous;brent
2025-03-27;69.15;6018433;Jun26;2026-04-30;brent_crude;Brent Crude Futures;ice_front_month;continuous;brent
2025-03-28;68.36;6018433;Jun26;2026-04-30;brent_crude;Brent Crude Futures;ice_front_month;continuous;brent
2025-03-31;69.57;6018433;Jun26;2026-04-30;brent_crude;Brent Crude Futures;ice_front_month;continuous;brent
2025-04-01;69.68;6018433;Jun26;2026-04-30;brent_crude;Brent Crude Futures;ice_front_month;continuous;brent
2025-04-02;69.89;6018433;Jun26;2026-04-30;brent_crude;Brent Crude Futures;ice_front_month;continuous;brent
2025-04-03;66.48;6018433;Jun26;2026-04-30;brent_crude;Brent Crude Futures;ice_front_month;continuous;brent
2025-04-04;63.24;6018433;Jun26;2026-04-30;brent_crude;Brent Crude Futures;ice_front_month;continuous;brent
2025-04-07;63.06;6018433;Jun26;2026-04-30;brent_crude;Brent Crude Futures;ice_front_month;continuous;brent
2025-04-08;61.54;6018433;Jun26;2026-04-30;brent_crude;Brent Crude Futures;ice_front_month;continuous;brent
2025-04-09;63.25;6018433;Jun26;2026-04-30;brent_crude;Brent Crude Futures;ice_front_month;continuous;brent
2025-04-10;62.05;6018433;Jun26;2026-04-30;brent_crude;Brent Crude Futures;ice_front_month;continuous;brent
2025-04-11;62.59;6018433;Jun26;2026-04-30;brent_crude;Brent Crude Futures;ice_front_month;continuous;brent
2025-04-14;63.09;6018433;Jun26;2026-04-30;brent_crude;Brent Crude Futures;ice_front_month;continuous;brent
2025-04-15;62.65;6018433;Jun26;2026-04-30;brent_crude;Brent Crude Futures;ice_front_month;continuous;brent
2025-04-16;63.25;6018433;Jun26;2026-04-30;brent_crude;Brent Crude Futures;ice_front_month;continuous;brent
2025-04-17;64.94;6018433;Jun26;2026-04-30;brent_crude;Brent Crude Futures;ice_front_month;continuous;brent
2025-04-21;63.51;6018433;Jun26;2026-04-30;brent_crude;Brent Crude Futures;ice_front_month;continuous;brent
2025-04-22;64.49;6018433;Jun26;2026-04-30;brent_crude;Brent Crude Futures;ice_front_month;continuous;brent
2025-04-23;63.76;6018433;Jun26;2026-04-30;brent_crude;Brent Crude Futures;ice_front_month;continuous;brent
2025-04-24;64.38;6018433;Jun26;2026-04-30;brent_crude;Brent Crude Futures;ice_front_month;continuous;brent
2025-04-25;64.61;6018433;Jun26;2026-04-30;brent_crude;Brent Crude Futures;ice_front_month;continuous;brent
2025-04-28;64.05;6018433;Jun26;2026-04-30;brent_crude;Brent Crude Futures;ice_front_month;continuous;brent
2025-04-29;63.16;6018433;Jun26;2026-04-30;brent_crude;Brent Crude Futures;ice_front_month;continuous;brent
2025-04-30;61.04;6018433;Jun26;2026-04-30;brent_crude;Brent Crude Futures;ice_front_month;continuous;brent
2025-05-01;61.83;6018433;Jun26;2026-04-30;brent_crude;Brent Crude Futures;ice_front_month;continuous;brent
2025-05-02;61.53;6018433;Jun26;2026-04-30;brent_crude;Brent Crude Futures;ice_front_month;continuous;brent
2025-05-05;60.85;6018433;Jun26;2026-04-30;brent_crude;Brent Crude Futures;ice_front_month;continuous;brent
2025-05-06;62.37;6018433;Jun26;2026-04-30;brent_crude;Brent Crude Futures;ice_front_month;continuous;brent
2025-05-07;61.43;6018433;Jun26;2026-04-30;brent_crude;Brent Crude Futures;ice_front_month;continuous;brent
2025-05-08;62.61;6018433;Jun26;2026-04-30;brent_crude;Brent Crude Futures;ice_front_month;continuous;brent
2025-05-09;63.16;6018433;Jun26;2026-04-30;brent_crude;Brent Crude Futures;ice_front_month;continuous;brent
2025-05-12;64.3;6018433;Jun26;2026-04-30;brent_crude;Brent Crude Futures;ice_front_month;continuous;brent
2025-05-13;65.35;6018433;Jun26;2026-04-30;brent_crude;Brent Crude Futures;ice_front_month;continuous;brent
2025-05-14;64.92;6018433;Jun26;2026-04-30;brent_crude;Brent Crude Futures;ice_front_month;continuous;brent
2025-05-15;63.91;6018433;Jun26;2026-04-30;brent_crude;Brent Crude Futures;ice_front_month;continuous;brent
2025-05-16;64.09;6018433;Jun26;2026-04-30;brent_crude;Brent Crude Futures;ice_front_month;continuous;brent
2025-05-19;63.87;6018433;Jun26;2026-04-30;brent_crude;Brent Crude Futures;ice_front_month;continuous;brent
2025-05-20;64.11;6018433;Jun26;2026-04-30;brent_crude;Brent Crude Futures;ice_front_month;continuous;brent
2025-05-21;63.89;6018433;Jun26;2026-04-30;brent_crude;Brent Crude Futures;ice_front_month;continuous;brent
2025-05-22;63.49;6018433;Jun26;2026-04-30;brent_crude;Brent Crude Futures;ice_front_month;continuous;brent
2025-05-23;63.71;6018433;Jun26;2026-04-30;brent_crude;Brent Crude Futures;ice_front_month;continuous;brent
2025-05-26;63.61;6018433;Jun26;2026-04-30;brent_crude;Brent Crude Futures;ice_front_month;continuous;brent
2025-05-27;63.23;6018433;Jun26;2026-04-30;brent_crude;Brent Crude Futures;ice_front_month;continuous;brent
2025-05-28;63.69;6018433;Jun26;2026-04-30;brent_crude;Brent Crude Futures;ice_front_month;continuous;brent
2025-05-29;62.69;6018433;Jun26;2026-04-30;brent_crude;Brent Crude Futures;ice_front_month;continuous;brent
2025-05-30;62.12;6018433;Jun26;2026-04-30;brent_crude;Brent Crude Futures;ice_front_month;continuous;brent
2025-06-02;63.36;6018433;Jun26;2026-04-30;brent_crude;Brent Crude Futures;ice_front_month;continuous;brent
2025-06-03;64.36;6018433;Jun26;2026-04-30;brent_crude;Brent Crude Futures;ice_front_month;continuous;brent
2025-06-04;63.76;6018433;Jun26;2026-04-30;brent_crude;Brent Crude Futures;ice_front_month;continuous;brent
2025-06-05;64.16;6018433;Jun26;2026-04-30;brent_crude;Brent Crude Futures;ice_front_month;continuous;brent
2025-06-06;64.81;6018433;Jun26;2026-04-30;brent_crude;Brent Crude Futures;ice_front_month;continuous;brent
2025-06-09;65.14;6018433;Jun26;2026-04-30;brent_crude;Brent Crude Futures;ice_front_month;continuous;brent
2025-06-10;64.98;6018433;Jun26;2026-04-30;brent_crude;Brent Crude Futures;ice_front_month;continuous;brent
2025-06-11;66.68;6018433;Jun26;2026-04-30;brent_crude;Brent Crude Futures;ice_front_month;continuous;brent
2025-06-12;66.39;6018433;Jun26;2026-04-30;brent_crude;Brent Crude Futures;ice_front_month;continuous;brent
2025-06-13;68.52;6018433;Jun26;2026-04-30;brent_crude;Brent Crude Futures;ice_front_month;continuous;brent
2025-06-16;68.76;6018433;Jun26;2026-04-30;brent_crude;Brent Crude Futures;ice_front_month;continuous;brent
2025-06-17;70.42;6018433;Jun26;2026-04-30;brent_crude;Brent Crude Futures;ice_front_month;continuous;brent
2025-06-18;70.32;6018433;Jun26;2026-04-30;brent_crude;Brent Crude Futures;ice_front_month;continuous;brent
2025-06-19;71.3;6018433;Jun26;2026-04-30;brent_crude;Brent Crude Futures;ice_front_month;continuous;brent
2025-06-20;70.49;6018433;Jun26;2026-04-30;brent_crude;Brent Crude Futures;ice_front_month;continuous;brent
2025-06-23;67.99;6018433;Jun26;2026-04-30;brent_crude;Brent Crude Futures;ice_front_month;continuous;brent
2025-06-24;65.01;6018433;Jun26;2026-04-30;brent_crude;Brent Crude Futures;ice_front_month;continuous;brent
2025-06-25;64.6;6018433;Jun26;2026-04-30;brent_crude;Brent Crude Futures;ice_front_month;continuous;brent
2025-06-26;64.97;6018433;Jun26;2026-04-30;brent_crude;Brent Crude Futures;ice_front_month;continuous;brent
2025-06-27;64.84;6018433;Jun26;2026-04-30;brent_crude;Brent Crude Futures;ice_front_month;continuous;brent
2025-06-30;64.74;6018433;Jun26;2026-04-30;brent_crude;Brent Crude Futures;ice_front_month;continuous;brent
2025-07-01;64.94;6018433;Jun26;2026-04-30;brent_crude;Brent Crude Futures;ice_front_month;continuous;brent
2025-07-02;65.76;6018433;Jun26;2026-04-30;brent_crude;Brent Crude Futures;ice_front_month;continuous;brent
2025-07-03;65.66;6018433;Jun26;2026-04-30;brent_crude;Brent Crude Futures;ice_front_month;continuous;brent
2025-07-04;65.42;6018433;Jun26;2026-04-30;brent_crude;Brent Crude Futures;ice_front_month;continuous;brent
2025-07-07;66.16;6018433;Jun26;2026-04-30;brent_crude;Brent Crude Futures;ice_front_month;continuous;brent
2025-07-08;66.74;6018433;Jun26;2026-04-30;brent_crude;Brent Crude Futures;ice_front_month;continuous;brent
2025-07-09;66.55;6018433;Jun26;2026-04-30;brent_crude;Brent Crude Futures;ice_front_month;continuous;brent
2025-07-10;65.75;6018433;Jun26;2026-04-30;brent_crude;Brent Crude Futures;ice_front_month;continuous;brent
2025-07-11;66.92;6018433;Jun26;2026-04-30;brent_crude;Brent Crude Futures;ice_front_month;continuous;brent
2025-07-14;66.55;6018433;Jun26;2026-04-30;brent_crude;Brent Crude Futures;ice_front_month;continuous;brent
2025-07-15;66.14;6018433;Jun26;2026-04-30;brent_crude;Brent Crude Futures;ice_front_month;continuous;brent
2025-07-16;65.95;6018433;Jun26;2026-04-30;brent_crude;Brent Crude Futures;ice_front_month;continuous;brent
2025-07-17;66.63;6018433;Jun26;2026-04-30;brent_crude;Brent Crude Futures;ice_front_month;continuous;brent
2025-07-18;66.63;6018433;Jun26;2026-04-30;brent_crude;Brent Crude Futures;ice_front_month;continuous;brent
2025-07-21;66.71;6018433;Jun26;2026-04-30;brent_crude;Brent Crude Futures;ice_front_month;continuous;brent
2025-07-22;66.3;6018433;Jun26;2026-04-30;brent_crude;Brent Crude Futures;ice_front_month;continuous;brent
2025-07-23;66.44;6018433;Jun26;2026-04-30;brent_crude;Brent Crude Futures;ice_front_month;continuous;brent
2025-07-24;66.75;6018433;Jun26;2026-04-30;brent_crude;Brent Crude Futures;ice_front_month;continuous;brent
2025-07-25;66.13;6018433;Jun26;2026-04-30;brent_crude;Brent Crude Futures;ice_front_month;continuous;brent
2025-07-28;67.41;6018433;Jun26;2026-04-30;brent_crude;Brent Crude Futures;ice_front_month;continuous;brent
2025-07-29;68.93;6018433;Jun26;2026-04-30;brent_crude;Brent Crude Futures;ice_front_month;continuous;brent
2025-07-30;69.24;6018433;Jun26;2026-04-30;brent_crude;Brent Crude Futures;ice_front_month;continuous;brent
2025-07-31;68.53;6018433;Jun26;2026-04-30;brent_crude;Brent Crude Futures;ice_front_month;continuous;brent
2025-08-01;66.68;6018433;Jun26;2026-04-30;brent_crude;Brent Crude Futures;ice_front_month;continuous;brent
2025-08-04;66.4;6018433;Jun26;2026-04-30;brent_crude;Brent Crude Futures;ice_front_month;continuous;brent
2025-08-05;65.65;6018433;Jun26;2026-04-30;brent_crude;Brent Crude Futures;ice_front_month;continuous;brent
2025-08-06;65.1;6018433;Jun26;2026-04-30;brent_crude;Brent Crude Futures;ice_front_month;continuous;brent
2025-08-07;65.0;6018433;Jun26;2026-04-30;brent_crude;Brent Crude Futures;ice_front_month;continuous;brent
2025-08-08;64.92;6018433;Jun26;2026-04-30;brent_crude;Brent Crude Futures;ice_front_month;continuous;brent
2025-08-11;65.2;6018433;Jun26;2026-04-30;brent_crude;Brent Crude Futures;ice_front_month;continuous;brent
2025-08-12;64.92;6018433;Jun26;2026-04-30;brent_crude;Brent Crude Futures;ice_front_month;continuous;brent
2025-08-13;64.6;6018433;Jun26;2026-04-30;brent_crude;Brent Crude Futures;ice_front_month;continuous;brent
2025-08-14;65.13;6018433;Jun26;2026-04-30;brent_crude;Brent Crude Futures;ice_front_month;continuous;brent
2025-08-15;64.58;6018433;Jun26;2026-04-30;brent_crude;Brent Crude Futures;ice_front_month;continuous;brent
2025-08-18;65.1;6018433;Jun26;2026-04-30;brent_crude;Brent Crude Futures;ice_front_month;continuous;brent
2025-08-19;64.59;6018433;Jun26;2026-04-30;brent_crude;Brent Crude Futures;ice_front_month;continuous;brent
2025-08-20;65.43;6018433;Jun26;2026-04-30;brent_crude;Brent Crude Futures;ice_front_month;continuous;brent
2025-08-21;66.08;6018433;Jun26;2026-04-30;brent_crude;Brent Crude Futures;ice_front_month;continuous;brent
2025-08-22;66.15;6018433;Jun26;2026-04-30;brent_crude;Brent Crude Futures;ice_front_month;continuous;brent
2025-08-25;66.95;6018433;Jun26;2026-04-30;brent_crude;Brent Crude Futures;ice_front_month;continuous;brent
2025-08-26;65.7;6018433;Jun26;2026-04-30;brent_crude;Brent Crude Futures;ice_front_month;continuous;brent
2025-08-27;66.05;6018433;Jun26;2026-04-30;brent_crude;Brent Crude Futures;ice_front_month;continuous;brent
2025-08-28;66.55;6018433;Jun26;2026-04-30;brent_crude;Brent Crude Futures;ice_front_month;continuous;brent
2025-08-29;65.99;6018433;Jun26;2026-04-30;brent_crude;Brent Crude Futures;ice_front_month;continuous;brent
2025-09-01;66.49;6018433;Jun26;2026-04-30;brent_crude;Brent Crude Futures;ice_front_month;continuous;brent
2025-09-02;67.52;6018433;Jun26;2026-04-30;brent_crude;Brent Crude Futures;ice_front_month;continuous;brent
2025-09-03;66.41;6018433;Jun26;2026-04-30;brent_crude;Brent Crude Futures;ice_front_month;continuous;brent
2025-09-04;65.73;6018433;Jun26;2026-04-30;brent_crude;Brent Crude Futures;ice_front_month;continuous;brent
2025-09-05;64.56;6018433;Jun26;2026-04-30;brent_crude;Brent Crude Futures;ice_front_month;continuous;brent
2025-09-08;65.13;6018433;Jun26;2026-04-30;brent_crude;Brent Crude Futures;ice_front_month;continuous;brent
2025-09-09;65.51;6018433;Jun26;2026-04-30;brent_crude;Brent Crude Futures;ice_front_month;continuous;brent
2025-09-10;66.37;6018433;Jun26;2026-04-30;brent_crude;Brent Crude Futures;ice_front_month;continuous;brent
2025-09-11;65.35;6018433;Jun26;2026-04-30;brent_crude;Brent Crude Futures;ice_front_month;continuous;brent
2025-09-12;65.71;6018433;Jun26;2026-04-30;brent_crude;Brent Crude Futures;ice_front_month;continuous;brent
2025-09-15;66.17;6018433;Jun26;2026-04-30;brent_crude;Brent Crude Futures;ice_front_month;continuous;brent
2025-09-16;66.97;6018433;Jun26;2026-04-30;brent_crude;Brent Crude Futures;ice_front_month;continuous;brent
2025-09-17;66.37;6018433;Jun26;2026-04-30;brent_crude;Brent Crude Futures;ice_front_month;continuous;brent
2025-09-18;65.89;6018433;Jun26;2026-04-30;brent_crude;Brent Crude Futures;ice_front_month;continuous;brent
2025-09-19;65.06;6018433;Jun26;2026-04-30;brent_crude;Brent Crude Futures;ice_front_month;continuous;brent
2025-09-22;65.12;6018433;Jun26;2026-04-30;brent_crude;Brent Crude Futures;ice_front_month;continuous;brent
2025-09-23;65.84;6018433;Jun26;2026-04-30;brent_crude;Brent Crude Futures;ice_front_month;continuous;brent
2025-09-24;66.82;6018433;Jun26;2026-04-30;brent_crude;Brent Crude Futures;ice_front_month;continuous;brent
2025-09-25;67.02;6018433;Jun26;2026-04-30;brent_crude;Brent Crude Futures;ice_front_month;continuous;brent
2025-09-26;67.56;6018433;Jun26;2026-04-30;brent_crude;Brent Crude Futures;ice_front_month;continuous;brent
2025-09-29;65.93;6018433;Jun26;2026-04-30;brent_crude;Brent Crude Futures;ice_front_month;continuous;brent
2025-09-30;64.99;6018433;Jun26;2026-04-30;brent_crude;Brent Crude Futures;ice_front_month;continuous;brent
2025-10-01;64.53;6018433;Jun26;2026-04-30;brent_crude;Brent Crude Futures;ice_front_month;continuous;brent
2025-10-02;63.65;6018433;Jun26;2026-04-30;brent_crude;Brent Crude Futures;ice_front_month;continuous;brent
2025-10-03;63.88;6018433;Jun26;2026-04-30;brent_crude;Brent Crude Futures;ice_front_month;continuous;brent
2025-10-06;64.69;6018433;Jun26;2026-04-30;brent_crude;Brent Crude Futures;ice_front_month;continuous;brent
2025-10-07;64.46;6018433;Jun26;2026-04-30;brent_crude;Brent Crude Futures;ice_front_month;continuous;brent
2025-10-08;65.08;6018433;Jun26;2026-04-30;brent_crude;Brent Crude Futures;ice_front_month;continuous;brent
2025-10-09;64.32;6018433;Jun26;2026-04-30;brent_crude;Brent Crude Futures;ice_front_month;continuous;brent
2025-10-10;62.16;6018433;Jun26;2026-04-30;brent_crude;Brent Crude Futures;ice_front_month;continuous;brent
2025-10-13;62.9;6018433;Jun26;2026-04-30;brent_crude;Brent Crude Futures;ice_front_month;continuous;brent
2025-10-14;62.14;6018433;Jun26;2026-04-30;brent_crude;Brent Crude Futures;ice_front_month;continuous;brent
2025-10-15;61.86;6018433;Jun26;2026-04-30;brent_crude;Brent Crude Futures;ice_front_month;continuous;brent
2025-10-16;61.07;6018433;Jun26;2026-04-30;brent_crude;Brent Crude Futures;ice_front_month;continuous;brent
2025-10-17;61.53;6018433;Jun26;2026-04-30;brent_crude;Brent Crude Futures;ice_front_month;continuous;brent
2025-10-20;61.43;6018433;Jun26;2026-04-30;brent_crude;Brent Crude Futures;ice_front_month;continuous;brent
2025-10-21;61.36;6018433;Jun26;2026-04-30;brent_crude;Brent Crude Futures;ice_front_month;continuous;brent
2025-10-22;62.31;6018433;Jun26;2026-04-30;brent_crude;Brent Crude Futures;ice_front_month;continuous;brent
2025-10-23;63.87;6018433;Jun26;2026-04-30;brent_crude;Brent Crude Futures;ice_front_month;continuous;brent
2025-10-24;63.8;6018433;Jun26;2026-04-30;brent_crude;Brent Crude Futures;ice_front_month;continuous;brent
2025-10-27;63.72;6018433;Jun26;2026-04-30;brent_crude;Brent Crude Futures;ice_front_month;continuous;brent
2025-10-28;63.28;6018433;Jun26;2026-04-30;brent_crude;Brent Crude Futures;ice_front_month;continuous;brent
2025-10-29;63.65;6018433;Jun26;2026-04-30;brent_crude;Brent Crude Futures;ice_front_month;continuous;brent
2025-10-30;63.61;6018433;Jun26;2026-04-30;brent_crude;Brent Crude Futures;ice_front_month;continuous;brent
2025-10-31;63.67;6018433;Jun26;2026-04-30;brent_crude;Brent Crude Futures;ice_front_month;continuous;brent
2025-11-03;63.99;6018433;Jun26;2026-04-30;brent_crude;Brent Crude Futures;ice_front_month;continuous;brent
2025-11-04;63.77;6018433;Jun26;2026-04-30;brent_crude;Brent Crude Futures;ice_front_month;continuous;brent
2025-11-05;63.09;6018433;Jun26;2026-04-30;brent_crude;Brent Crude Futures;ice_front_month;continuous;brent
2025-11-06;62.91;6018433;Jun26;2026-04-30;brent_crude;Brent Crude Futures;ice_front_month;continuous;brent
2025-11-07;63.24;6018433;Jun26;2026-04-30;brent_crude;Brent Crude Futures;ice_front_month;continuous;brent
2025-11-10;63.65;6018433;Jun26;2026-04-30;brent_crude;Brent Crude Futures;ice_front_month;continuous;brent
2025-11-11;64.56;6018433;Jun26;2026-04-30;brent_crude;Brent Crude Futures;ice_front_month;continuous;brent
2025-11-12;62.3;6018433;Jun26;2026-04-30;brent_crude;Brent Crude Futures;ice_front_month;continuous;brent
2025-11-13;62.34;6018433;Jun26;2026-04-30;brent_crude;Brent Crude Futures;ice_front_month;continuous;brent
2025-11-14;63.34;6018433;Jun26;2026-04-30;brent_crude;Brent Crude Futures;ice_front_month;continuous;brent
2025-11-17;63.23;6018433;Jun26;2026-04-30;brent_crude;Brent Crude Futures;ice_front_month;continuous;brent
2025-11-18;63.75;6018433;Jun26;2026-04-30;brent_crude;Brent Crude Futures;ice_front_month;continuous;brent
2025-11-19;62.33;6018433;Jun26;2026-04-30;brent_crude;Brent Crude Futures;ice_front_month;continuous;brent
2025-11-20;62.07;6018433;Jun26;2026-04-30;brent_crude;Brent Crude Futures;ice_front_month;continuous;brent
2025-11-21;61.38;6018433;Jun26;2026-04-30;brent_crude;Brent Crude Futures;ice_front_month;continuous;brent
2025-11-24;62.09;6018433;Jun26;2026-04-30;brent_crude;Brent Crude Futures;ice_front_month;continuous;brent
2025-11-25;61.37;6018433;Jun26;2026-04-30;brent_crude;Brent Crude Futures;ice_front_month;continuous;brent
2025-11-26;61.95;6018433;Jun26;2026-04-30;brent_crude;Brent Crude Futures;ice_front_month;continuous;brent
2025-11-27;62.24;6018433;Jun26;2026-04-30;brent_crude;Brent Crude Futures;ice_front_month;continuous;brent
2025-11-28;61.65;6018433;Jun26;2026-04-30;brent_crude;Brent Crude Futures;ice_front_month;continuous;brent
2025-12-01;62.44;6018433;Jun26;2026-04-30;brent_crude;Brent Crude Futures;ice_front_month;continuous;brent
2025-12-02;61.72;6018433;Jun26;2026-04-30;brent_crude;Brent Crude Futures;ice_front_month;continuous;brent
2025-12-03;61.94;6018433;Jun26;2026-04-30;brent_crude;Brent Crude Futures;ice_front_month;continuous;brent
2025-12-04;62.42;6018433;Jun26;2026-04-30;brent_crude;Brent Crude Futures;ice_front_month;continuous;brent
2025-12-05;62.92;6018433;Jun26;2026-04-30;brent_crude;Brent Crude Futures;ice_front_month;continuous;brent
2025-12-08;61.77;6018433;Jun26;2026-04-30;brent_crude;Brent Crude Futures;ice_front_month;continuous;brent
2025-12-09;61.38;6018433;Jun26;2026-04-30;brent_crude;Brent Crude Futures;ice_front_month;continuous;brent
2025-12-10;61.55;6018433;Jun26;2026-04-30;brent_crude;Brent Crude Futures;ice_front_month;continuous;brent
2025-12-11;60.87;6018433;Jun26;2026-04-30;brent_crude;Brent Crude Futures;ice_front_month;continuous;brent
2025-12-12;60.57;6018433;Jun26;2026-04-30;brent_crude;Brent Crude Futures;ice_front_month;continuous;brent
2025-12-15;60.22;6018433;Jun26;2026-04-30;brent_crude;Brent Crude Futures;ice_front_month;continuous;brent
2025-12-16;58.68;6018433;Jun26;2026-04-30;brent_crude;Brent Crude Futures;ice_front_month;continuous;brent
2025-12-17;59.29;6018433;Jun26;2026-04-30;brent_crude;Brent Crude Futures;ice_front_month;continuous;brent
2025-12-18;59.35;6018433;Jun26;2026-04-30;brent_crude;Brent Crude Futures;ice_front_month;continuous;brent
2025-12-19;59.74;6018433;Jun26;2026-04-30;brent_crude;Brent Crude Futures;ice_front_month;continuous;brent
2025-12-22;61.06;6018433;Jun26;2026-04-30;brent_crude;Brent Crude Futures;ice_front_month;continuous;brent
2025-12-23;61.3;6018433;Jun26;2026-04-30;brent_crude;Brent Crude Futures;ice_front_month;continuous;brent
2025-12-24;61.32;6018433;Jun26;2026-04-30;brent_crude;Brent Crude Futures;ice_front_month;continuous;brent
2025-12-26;59.83;6018433;Jun26;2026-04-30;brent_crude;Brent Crude Futures;ice_front_month;continuous;brent
2025-12-29;60.92;6018433;Jun26;2026-04-30;brent_crude;Brent Crude Futures;ice_front_month;continuous;brent
2025-12-30;60.81;6018433;Jun26;2026-04-30;brent_crude;Brent Crude Futures;ice_front_month;continuous;brent
2025-12-31;60.25;6018433;Jun26;2026-04-30;brent_crude;Brent Crude Futures;ice_front_month;continuous;brent
2026-01-02;60.24;6018433;Jun26;2026-04-30;brent_crude;Brent Crude Futures;ice_front_month;continuous;brent
2026-01-05;61.05;6018433;Jun26;2026-04-30;brent_crude;Brent Crude Futures;ice_front_month;continuous;brent
2026-01-06;60.0;6018433;Jun26;2026-04-30;brent_crude;Brent Crude Futures;ice_front_month;continuous;brent
2026-01-07;59.34;6018433;Jun26;2026-04-30;brent_crude;Brent Crude Futures;ice_front_month;continuous;brent
2026-01-08;61.08;6018433;Jun26;2026-04-30;brent_crude;Brent Crude Futures;ice_front_month;continuous;brent
2026-01-09;62.29;6018433;Jun26;2026-04-30;brent_crude;Brent Crude Futures;ice_front_month;continuous;brent
2026-01-12;62.64;6018433;Jun26;2026-04-30;brent_crude;Brent Crude Futures;ice_front_month;continuous;brent
2026-01-13;63.99;6018433;Jun26;2026-04-30;brent_crude;Brent Crude Futures;ice_front_month;continuous;brent
2026-01-14;65.03;6018433;Jun26;2026-04-30;brent_crude;Brent Crude Futures;ice_front_month;continuous;brent
2026-01-15;62.47;6018433;Jun26;2026-04-30;brent_crude;Brent Crude Futures;ice_front_month;continuous;brent
2026-01-16;62.8;6018433;Jun26;2026-04-30;brent_crude;Brent Crude Futures;ice_front_month;continuous;brent
2026-01-19;62.54;6018433;Jun26;2026-04-30;brent_crude;Brent Crude Futures;ice_front_month;continuous;brent
2026-01-20;63.48;6018433;Jun26;2026-04-30;brent_crude;Brent Crude Futures;ice_front_month;continuous;brent
2026-01-21;63.88;6018433;Jun26;2026-04-30;brent_crude;Brent Crude Futures;ice_front_month;continuous;brent
2026-01-22;62.76;6018433;Jun26;2026-04-30;brent_crude;Brent Crude Futures;ice_front_month;continuous;brent
2026-01-23;64.24;6018433;Jun26;2026-04-30;brent_crude;Brent Crude Futures;ice_front_month;continuous;brent
2026-01-26;64.04;6018433;Jun26;2026-04-30;brent_crude;Brent Crude Futures;ice_front_month;continuous;brent
2026-01-27;65.55;6018433;Jun26;2026-04-30;brent_crude;Brent Crude Futures;ice_front_month;continuous;brent
2026-01-28;66.28;6018433;Jun26;2026-04-30;brent_crude;Brent Crude Futures;ice_front_month;continuous;brent
2026-01-29;68.3;6018433;Jun26;2026-04-30;brent_crude;Brent Crude Futures;ice_front_month;continuous;brent
2026-01-30;68.04;6018433;Jun26;2026-04-30;brent_crude;Brent Crude Futures;ice_front_month;continuous;brent
2026-02-02;64.99;6018433;Jun26;2026-04-30;brent_crude;Brent Crude Futures;ice_front_month;continuous;brent
2026-02-03;66.16;6018433;Jun26;2026-04-30;brent_crude;Brent Crude Futures;ice_front_month;continuous;brent
2026-02-04;68.15;6018433;Jun26;2026-04-30;brent_crude;Brent Crude Futures;ice_front_month;continuous;brent
2026-02-05;66.49;6018433;Jun26;2026-04-30;brent_crude;Brent Crude Futures;ice_front_month;continuous;brent
2026-02-06;67.0;6018433;Jun26;2026-04-30;brent_crude;Brent Crude Futures;ice_front_month;continuous;brent
2026-02-09;67.93;6018433;Jun26;2026-04-30;brent_crude;Brent Crude Futures;ice_front_month;continuous;brent
2026-02-10;67.61;6018433;Jun26;2026-04-30;brent_crude;Brent Crude Futures;ice_front_month;continuous;brent
2026-02-11;68.25;6018433;Jun26;2026-04-30;brent_crude;Brent Crude Futures;ice_front_month;continuous;brent
2026-02-12;66.46;6018433;Jun26;2026-04-30;brent_crude;Brent Crude Futures;ice_front_month;continuous;brent
2026-02-13;66.6;6018433;Jun26;2026-04-30;brent_crude;Brent Crude Futures;ice_front_month;continuous;brent
2026-02-16;67.45;6018433;Jun26;2026-04-30;brent_crude;Brent Crude Futures;ice_front_month;continuous;brent
2026-02-17;66.42;6018433;Jun26;2026-04-30;brent_crude;Brent Crude Futures;ice_front_month;continuous;brent
2026-02-18;69.21;6018433;Jun26;2026-04-30;brent_crude;Brent Crude Futures;ice_front_month;continuous;brent
2026-02-19;70.68;6018433;Jun26;2026-04-30;brent_crude;Brent Crude Futures;ice_front_month;continuous;brent
2026-02-20;70.66;6018433;Jun26;2026-04-30;brent_crude;Brent Crude Futures;ice_front_month;continuous;brent
2026-02-23;70.54;6018433;Jun26;2026-04-30;brent_crude;Brent Crude Futures;ice_front_month;continuous;brent
2026-02-24;70.16;6018433;Jun26;2026-04-30;brent_crude;Brent Crude Futures;ice_front_month;continuous;brent
2026-02-25;70.25;6018433;Jun26;2026-04-30;brent_crude;Brent Crude Futures;ice_front_month;continuous;brent
2026-02-26;70.42;6018433;Jun26;2026-04-30;brent_crude;Brent Crude Futures;ice_front_month;continuous;brent
2026-02-27;72.29;6018433;Jun26;2026-04-30;brent_crude;Brent Crude Futures;ice_front_month;continuous;brent
2026-03-02;76.16;6018433;Jun26;2026-04-30;brent_crude;Brent Crude Futures;ice_front_month;continuous;brent
2026-03-03;78.38;6018433;Jun26;2026-04-30;brent_crude;Brent Crude Futures;ice_front_month;continuous;brent
2026-03-04;78.01;6018433;Jun26;2026-04-30;brent_crude;Brent Crude Futures;ice_front_month;continuous;brent
2026-03-05;81.04;6018433;Jun26;2026-04-30;brent_crude;Brent Crude Futures;ice_front_month;continuous;brent
2026-03-06;87.2;6018433;Jun26;2026-04-30;brent_crude;Brent Crude Futures;ice_front_month;continuous;brent
2026-03-09;93.72;6018433;Jun26;2026-04-30;brent_crude;Brent Crude Futures;ice_front_month;continuous;brent
2026-03-10;85.27;6018433;Jun26;2026-04-30;brent_crude;Brent Crude Futures;ice_front_month;continuous;brent
2026-03-11;89.35;6018433;Jun26;2026-04-30;brent_crude;Brent Crude Futures;ice_front_month;continuous;brent
2026-03-12;96.63;6018433;Jun26;2026-04-30;brent_crude;Brent Crude Futures;ice_front_month;continuous;brent
2026-03-13;98.91;6018433;Jun26;2026-04-30;brent_crude;Brent Crude Futures;ice_front_month;continuous;brent
2026-03-16;96.04;6018433;Jun26;2026-04-30;brent_crude;Brent Crude Futures;ice_front_month;continuous;brent
2026-03-17;99.39;6018433;Jun26;2026-04-30;brent_crude;Brent Crude Futures;ice_front_month;continuous;brent
2026-03-18;102.92;6018433;Jun26;2026-04-30;brent_crude;Brent Crude Futures;ice_front_month;continuous;brent
2026-03-19;103.78;6018433;Jun26;2026-04-30;brent_crude;Brent Crude Futures;ice_front_month;continuous;brent
2026-03-20;106.41;6018433;Jun26;2026-04-30;brent_crude;Brent Crude Futures;ice_front_month;continuous;brent
2026-03-23;95.92;6018433;Jun26;2026-04-30;brent_crude;Brent Crude Futures;ice_front_month;continuous;brent
2026-03-24;100.23;6018433;Jun26;2026-04-30;brent_crude;Brent Crude Futures;ice_front_month;continuous;brent
2026-03-25;97.26;6018433;Jun26;2026-04-30;brent_crude;Brent Crude Futures;ice_front_month;continuous;brent
2026-03-26;101.89;6018433;Jun26;2026-04-30;brent_crude;Brent Crude Futures;ice_front_month;continuous;brent
2026-03-27;105.32;6018433;Jun26;2026-04-30;brent_crude;Brent Crude Futures;ice_front_month;continuous;brent
2026-03-30;107.39;6018433;Jun26;2026-04-30;brent_crude;Brent Crude Futures;ice_front_month;continuous;brent
2026-03-31;103.97;6018433;Jun26;2026-04-30;brent_crude;Brent Crude Futures;ice_front_month;continuous;brent
2026-04-01;101.16;6018433;Jun26;2026-04-30;brent_crude;Brent Crude Futures;ice_front_month;continuous;brent
2026-04-02;109.03;6018433;Jun26;2026-04-30;brent_crude;Brent Crude Futures;ice_front_month;continuous;brent
2026-04-06;109.77;6018433;Jun26;2026-04-30;brent_crude;Brent Crude Futures;ice_front_month;continuous;brent
2026-04-07;109.27;6018433;Jun26;2026-04-30;brent_crude;Brent Crude Futures;ice_front_month;continuous;brent
2026-04-08;94.75;6018433;Jun26;2026-04-30;brent_crude;Brent Crude Futures;ice_front_month;continuous;brent
2026-04-09;95.92;6018433;Jun26;2026-04-30;brent_crude;Brent Crude Futures;ice_front_month;continuous;brent
2026-04-10;95.2;6018433;Jun26;2026-04-30;brent_crude;Brent Crude Futures;ice_front_month;continuous;brent
2026-04-13;99.36;6018433;Jun26;2026-04-30;brent_crude;Brent Crude Futures;ice_front_month;continuous;brent
2026-04-14;94.79;6018433;Jun26;2026-04-30;brent_crude;Brent Crude Futures;ice_front_month;continuous;brent
2026-04-15;94.93;6018433;Jun26;2026-04-30;brent_crude;Brent Crude Futures;ice_front_month;continuous;brent
2026-04-16;99.39;6018433;Jun26;2026-04-30;brent_crude;Brent Crude Futures;ice_front_month;continuous;brent
2026-04-17;90.38;6018433;Jun26;2026-04-30;brent_crude;Brent Crude Futures;ice_front_month;continuous;brent
2026-04-20;95.48;6018433;Jun26;2026-04-30;brent_crude;Brent Crude Futures;ice_front_month;continuous;brent
